<?xml version='1.0' encoding='ISO-8859-1' standalone='yes' ?>
	<help>
		<element name="DESCRIPTION" text="This algorithm alters the position of points in a layer, displacing them. Points are displaced in a random direction, and the displacement distance follows a normal distribution." description="Description" type="0">
		</element>
		<element name="ADDITIONAL_INFO" text="" description="Additional information" type="0">
		</element>
		<element name="EXTENSION_AUTHOR" text="Victor Olaya" description="Extension created by" type="0">
		</element>
		<element name="HELP_AUTHOR" text="Victor Olaya" description="Help file created by" type="0">
		</element>
		<element name="USER_NOTES" text="" description="User_notes" type="0">
		</element>
		<element name="LAYER" text="The input points layer." description="Points layers" type="3">
		</element>
		<element name="MEAN" text="The mean displacement distance." description="Mean" type="3">
		</element>
		<element name="STDDEV" text="The standard deviation of the displacement distance." description="Standard deviation" type="3">
		</element>
		<element name="OUTPUT_DESCRIPTION" text="" description="Description" type="2">
		</element>
		<element name="RESULT" text="The resulting layer with displaced points. The attributes table is the same as the one from the input layer." description="Resultado" type="2">
		</element>
	</help>
<?xml version='1.0' encoding='ISO-8859-1' standalone='yes' ?>