<?xml version='1.0' encoding='ISO-8859-1' standalone='yes' ?>
	<help>
		<element name="DESCRIPTION" text="This algorithm creates isolines from a raster layer containing a continuous variable" description="Description" type="0">
		</element>
		<element name="ADDITIONAL_INFO" text="" description="Additional information" type="0">
		</element>
		<element name="EXTENSION_AUTHOR" text="Victor Olaya" description="Extension created by" type="0">
		</element>
		<element name="HELP_AUTHOR" text="Victor Olaya" description="Help file created by" type="0">
		</element>
		<element name="USER_NOTES" text="" description="User_notes" type="0">
		</element>
		<element name="LAYER" text="The input raster layer" description="Input layer" type="3">
		</element>
		<element name="DISTANCE" text="Differnece between values represented by two contiguous isolines." description="Equidistance" type="3">
		</element>
		<element name="MIN" text="Minimum value for isoline creation. In areas with values lower than this, isolines will not be created" description="Min value" type="3">
		</element>
		<element name="MAX" text="Maximum value for isoline creation. In areas with values greater than this, isolines will not be created" description="Max value" type="3">
		</element>
		<element name="OUTPUT_DESCRIPTION" text="" description="Description" type="2">
		</element>
		<element name="RESULT" text="The resulting contour lines" description="Contour lines" type="2">
			<image description=" Contour lines vector layer from a MDE,  with an equidistance of  50 meters." file="curvas_de_nivel1.jpg">
			</image>
		</element>
	</help>
<?xml version='1.0' encoding='ISO-8859-1' standalone='yes' ?>