<?xml version='1.0' encoding='ISO-8859-1' standalone='yes' ?>
	<help>
		<element name="DESCRIPTION" text="This algorithm modifies a raster layer by mirroring it horizontally or vertically or inverting its values (the highest values becomes the lowest and viceversa).&#10;&#10;The following picture graphically shows the effect of applying the three methods mentioned above on an input layer.&#10;&#10;a) input layer; b1) mirror horizontally; b2) mirror vertically; b3) invert." description="Description" type="0">
			<image description="" file="reflejar_invertir.jpg">
			</image>
		</element>
		<element name="ADDITIONAL_INFO" text="" description="Additional information" type="0">
		</element>
		<element name="EXTENSION_AUTHOR" text="Victor Olaya" description="Extension created by" type="0">
		</element>
		<element name="HELP_AUTHOR" text="Victor Olaya" description="Help file created by" type="0">
		</element>
		<element name="USER_NOTES" text="" description="User_notes" type="0">
		</element>
		<element name="INPUT" text="The input layer to mirror/flip" description="Layer" type="3">
		</element>
		<element name="METHOD" text="The method to use:&#10;* Mirror horizontally.&#10;* Mirror vertically.&#10;* Invert." description="Method" type="3">
		</element>
		<element name="OUTPUT_DESCRIPTION" text="" description="Description" type="2">
		</element>
		<element name="RESULT" text="The mirrored/flipped layer." description="Result" type="2">
		</element>
	</help>
<?xml version='1.0' encoding='ISO-8859-1' standalone='yes' ?>