<?xml version='1.0' encoding='ISO-8859-1' standalone='yes' ?>
	<help>
		<element name="DESCRIPTION" text="This algorithm calculates the probability of occurrence of values in each cell of a raster layer, based on the Chi squared probability distribution." description="Description" type="0">
			<image description="" file="dis_prob_chiCuadradado_formula.jpg">
			</image>
		</element>
		<element name="ADDITIONAL_INFO" text="" description="Additional information" type="0">
		</element>
		<element name="EXTENSION_AUTHOR" text="Victor Olaya" description="Extension created by" type="0">
		</element>
		<element name="HELP_AUTHOR" text="Victor Olaya" description="Help file created by" type="0">
		</element>
		<element name="USER_NOTES" text="" description="User_notes" type="0">
		</element>
		<element name="INPUT" text="The input layer" description="Raster layer" type="3">
		</element>
		<element name="DEGREES" text="K parameter of the equation above." description="Degrees of freedom" type="3">
		</element>
		<element name="CDF" text="if this option is activated the module will extract the cumulated probability." description="Cumulated probability" type="3">
		</element>
		<element name="OUTPUT_DESCRIPTION" text="" description="Description" type="2">
		</element>
		<element name="PROBABILITY" text="New raster layer." description="Result" type="2">
		</element>
	</help>
<?xml version='1.0' encoding='ISO-8859-1' standalone='yes' ?>