<?xml version='1.0' encoding='ISO-8859-1' standalone='yes' ?>
	<help>
		<element name="DESCRIPTION" text="This algorithm completes the information of a raster layer that has cells without data.The information to complete the cells without data is taken from an additional layer.&#10;&#10;a) base layer; b) additional layer; c) filled layer." description="Description" type="0">
			<image description="" file="completar_grid.jpg">
			</image>
		</element>
		<element name="ADDITIONAL_INFO" text="" description="Additional information" type="0">
		</element>
		<element name="EXTENSION_AUTHOR" text="Victor Olaya" description="Extension created by" type="0">
		</element>
		<element name="HELP_AUTHOR" text="Victor Olaya" description="Help file created by" type="0">
		</element>
		<element name="USER_NOTES" text="" description="User_notes" type="0">
		</element>
		<element name="INPUT" text="the layer with cells without data." description="Base layer" type="3">
		</element>
		<element name="ADDITIONAL" text="The layer with additional data to complete the base layer" description="Additional layer" type="3">
		</element>
		<element name="METHOD" text="the interpolation method to be used may be selected from the following:&#10;* Closest neighbor&#10;* Bilineal&#10;* Inverse Distance&#10;* Cubic Spline&#10;* B-spline" description="Interpolation method" type="3">
		</element>
		<element name="OUTPUT_DESCRIPTION" text="" description="Description" type="2">
		</element>
		<element name="RESULT" text="" description="Filled layer" type="2">
		</element>
	</help>
<?xml version='1.0' encoding='ISO-8859-1' standalone='yes' ?>