<?xml version='1.0' encoding='ISO-8859-1' standalone='yes' ?>
	<help>
		<element name="DESCRIPTION" text="This algorithm divides a grid in a given number of classes in such a way that all of them span a range of the same amplitude." description="Description" type="0">
			<image description="Input layer" file="dividir_n_clases_amplitud_entrada.jpg">
			</image>
			<image description="Reclassify layer (with 10 classes)" file="dividir_n_clases_amplitud_salida.jpg">
			</image>
		</element>
		<element name="ADDITIONAL_INFO" text="" description="Additional information" type="0">
		</element>
		<element name="EXTENSION_AUTHOR" text="Victor Olaya" description="Extension created by" type="0">
		</element>
		<element name="HELP_AUTHOR" text="Victor Olaya" description="Help file created by" type="0">
		</element>
		<element name="USER_NOTES" text="" description="User_notes" type="0">
		</element>
		<element name="INPUT" text="input raster layer." description="Layer" type="3">
		</element>
		<element name="CLASSCOUNT" text="The number of different classes in the output layer" description="Number of classes" type="3">
		</element>
		<element name="OUTPUT_DESCRIPTION" text="" description="Description" type="2">
		</element>
		<element name="RECLASS" text="Thre reclassified layer. Classes are numbered with consecutives integers starting at 1." description="Reclassify" type="2">
		</element>
	</help>
<?xml version='1.0' encoding='ISO-8859-1' standalone='yes' ?>