<?xml version='1.0' encoding='ISO-8859-1' standalone='yes' ?>
	<help>
		<element name="DESCRIPTION" text="This algorithm calculates the upslope area from a zone defined as a set of cell, instead of using just a single point." description="Description" type="0">
		</element>
		<element name="ADDITIONAL_INFO" text="" description="Additional information" type="0">
		</element>
		<element name="EXTENSION_AUTHOR" text="V&#237;ctor Olaya" description="Algorithm created by" type="0">
		</element>
		<element name="HELP_AUTHOR" text="V&#237;ctor Olaya" description="Help file created by" type="0">
		</element>
		<element name="USER_NOTES" text="" description="User_notes" type="0">
		</element>
		<element name="DEM" text="A Digital Elevation Model" description="Elevation" type="3">
		</element>
		<element name="INITZONES" text="A raster layer defining the outlet zone. Cells defining the zone can have any value except the no-data value. All remaining cells must have the no-data value." description="Outlet zone" type="3">
		</element>
		<element name="OUTPUT_DESCRIPTION" text="" description="Description" type="2">
		</element>
		<element name="RESULT" text="The resulting layer. Cells inside the upslope area have a value of 1, while cells outside of it have a value of 0" description="Upslope area" type="2">
		</element>
	</help>
<?xml version='1.0' encoding='ISO-8859-1' standalone='yes' ?>
