<?xml version='1.0' encoding='ISO-8859-1' standalone='yes' ?>
	<help>
		<element name="DESCRIPTION" text="This algorithm calculates the watershed corresponding to a single outlet point" description="Description" type="0">
		</element>
		<element name="ADDITIONAL_INFO" text="" description="Additional information" type="0">
		</element>
		<element name="EXTENSION_AUTHOR" text="Victor Olaya" description="Extension created by" type="0">
		</element>
		<element name="HELP_AUTHOR" text="Victor Olaya" description="Help file created by" type="0">
		</element>
		<element name="USER_NOTES" text="" description="User_notes" type="0">
		</element>
		<element name="DEM" text="A Digital Elevation Model." description="Elevation" type="3">
		</element>
		<element name="OUTLET" text="The outlet point of the watershed to define." description="Outlet point" type="3">
		</element>
		<element name="OUTPUT_DESCRIPTION" text="" description="Description" type="2">
		</element>
		<element name="RESULT" text="A new layer with a value of 1 in those cells belonging to the watershed defined by the given outlet point, and no-data values in those outside of the watershed" description="Upslope area" type="2">
			<image description="" file="cuenca_vertiente_a_un_punto_dado.jpg">
			</image>
		</element>
	</help>
<?xml version='1.0' encoding='ISO-8859-1' standalone='yes' ?>