<?xml version='1.0' encoding='ISO-8859-1' standalone='yes' ?>
	<help>
		<element name="DESCRIPTION" text="This algorithm dissolves features based on their attributes and their spatial position.&#10;&#10;Given a layers and a field in the attributes table, this algorithm will convert all features with the same value in the given field into a single multi-geometry feature. When several of these geometries overlap, they will be dissolved and converted into a single one.&#10;&#10;The following figure shows an example of how this algorithm works." description="Description" type="0">
			<image description="" file="Disolver.png">
			</image>
		</element>
		<element name="ADDITIONAL_INFO" text="" description="Additional information" type="0">
		</element>
		<element name="EXTENSION_AUTHOR" text="V&#237;ctor Olaya" description="Algorithm created by" type="0">
		</element>
		<element name="HELP_AUTHOR" text="V&#237;ctor Olaya" description="Help file created by" type="0">
		</element>
		<element name="USER_NOTES" text="" description="User notes" type="0">
		</element>
		<element name="LAYER" text="The input  layer." description="Polygons" type="3">
		</element>
		<element name="GROUPING_FIELD" text="The field to use to select features to dissolve. Features with the same value for this field will be dissolved." description="Field with class name" type="3">
		</element>
		<element name="GROUPING_FUNCTIONS" text="Select in this table the values that you want to have in each output feature, based on the values of the single features used to create it. Since they are statistical values, they apply only to numerical fields. All remaining field are not added to the resulting layer." description="Summary statistics" type="3">
		</element>
		<element name="OUTPUT_DESCRIPTION" text="" description="Description" type="2">
		</element>
		<element name="RESULT" text="The resulting dissolved layer." description="Result" type="2">
		</element>
	</help>
<?xml version='1.0' encoding='ISO-8859-1' standalone='yes' ?>