<?xml version='1.0' encoding='ISO-8859-1' standalone='yes' ?>
	<help>
		<element name="DESCRIPTION" text="This algorithm uses different predictive analysis methods to create suitability maps" description="Description" type="0">
		</element>
		<element name="ADDITIONAL_INFO" text="" description="Additional information" type="0">
		</element>
		<element name="EXTENSION_AUTHOR" text="Victor Olaya" description="Extension created by" type="0">
		</element>
		<element name="HELP_AUTHOR" text="Victor Olaya" description="Help file created by" type="0">
		</element>
		<element name="USER_NOTES" text="" description="User_notes" type="0">
		</element>
		<element name="INPUT" text="one or various layers that acts as conditional factors." description="Predictors" type="3">
		</element>
		<element name="POINTS" text="" description="Presence points" type="3">
		</element>
		<element name="METHOD" text="to choose from:&#10;* Distance to mean value&#10;* Distance of  Mahalanobis&#10;* BIOCLIM&#10;" description="Method" type="3">
		</element>
		<element name="CUTOFF" text="cutoff for BIOCLIM method." description="Cutoff (BIOCLIM)" type="3">
		</element>
		<element name="OUTPUT_DESCRIPTION" text="" description="Description" type="2">
		</element>
		<element name="RESULT" text="" description="Suitability" type="2">
			<image description="Distance to mean value " file="modelosPred_1metodo.jpg">
			</image>
			<image description="Mahalanobis distance " file="modelosPred_2metodo.jpg">
			</image>
		</element>
	</help>
<?xml version='1.0' encoding='ISO-8859-1' standalone='yes' ?>