<?xml version='1.0' encoding='ISO-8859-1' standalone='yes' ?>
	<help>
		<element name="DESCRIPTION" text="Given a set of points and an analysis extent that defines the characteristics of a raster layer, this algorithm calculates the angle from each cell in that raster layer to the closest one of the input points." description="Description" type="0">
		</element>
		<element name="ADDITIONAL_INFO" text="" description="Additional information" type="0">
		</element>
		<element name="EXTENSION_AUTHOR" text="Victor Olaya" description="Algorithm created by" type="0">
		</element>
		<element name="HELP_AUTHOR" text="Victor Olaya" description="Help file created by" type="0">
		</element>
		<element name="USER_NOTES" text="" description="User notes" type="0">
		</element>
		<element name="LAYER" text="A points layer. Attributes associated to this layer are not used for the computation. Just their coordinates are used." description="Point layer" type="3">
		</element>
		<element name="OUTPUT_DESCRIPTION" text="" description="Description" type="2">
		</element>
		<element name="RESULT" text="A layer containing the angle from each cell to the closest input point. Angles are measured in degrees, counting clockwise from North." description="Result" type="2">
		</element>
	</help>
<?xml version='1.0' encoding='ISO-8859-1' standalone='yes' ?>