<?xml version='1.0' encoding='ISO-8859-1' standalone='yes' ?>
	<help>
		<element name="DESCRIPTION" text="This layer creates a new continous raster layer from a series of exact values through the interpolation method nearest neighbour. This is an exact, local and fix method that simply assigns each cell in the output layer the value of the closest point." description="Description" type="0">
		</element>
		<element name="ADDITIONAL_INFO" text="" description="Additional information" type="0">
		</element>
		<element name="EXTENSION_AUTHOR" text="Victor Olaya" description="Extension created by" type="0">
		</element>
		<element name="HELP_AUTHOR" text="Victor Olaya" description="Help file created by" type="0">
		</element>
		<element name="USER_NOTES" text="" description="User_notes" type="0">
		</element>
		<element name="LAYER" text="the points layer." description="Point layer" type="3">
		</element>
		<element name="FIELD" text="the field that contains the value for interpolation for each point.  " description="Field" type="3">
		</element>
		<element name="DIST" text="if the closest point is farther than this radius, the said cell will recieve a no data value." description="Search radius" type="3">
		</element>
		<element name="OUTPUT_DESCRIPTION" text="" description="Description" type="2">
		</element>
		<element name="RESULT" text="Layer with abrupt leaps (the same as the differences between the values of neighboring points ), with a terraced appearance. The group of cells with the same values (within the same terrace) represents the geometric place" description="Result" type="2">
			<image description="" file="vecindad2.jpg">
			</image>
		</element>
	</help>
<?xml version='1.0' encoding='ISO-8859-1' standalone='yes' ?>