<?xml version='1.0' encoding='ISO-8859-1' standalone='yes' ?>
	<help>
		<element name="DESCRIPTION" text="Este algoritmo calcula propiedades geom&#233;tricas de las l&#237;neas de una capa de l&#237;neas." description="Description" type="0">
		</element>
		<element name="ADDITIONAL_INFO" text="" description="Additional information" type="0">
		</element>
		<element name="EXTENSION_AUTHOR" text="Victor Olaya" description="Extension created by" type="0">
		</element>
		<element name="HELP_AUTHOR" text="Victor Olaya" description="Help file created by" type="0">
		</element>
		<element name="USER_NOTES" text="" description="User_notes" type="0">
		</element>
		<element name="LINES" text="La capa de entrada" description="Lines" type="3">
		</element>
		<element name="OUTPUT_DESCRIPTION" text="" description="Description" type="2">
		</element>
		<element name="RESULT" text="La capa resultante. Contiene las mismas geometr&#237;as que la capa de entrada, pero presenta cinco campos adicionales en su tabla de atributos:&#10;*Longitud&#10;*Distancia euclidea entre el primer y ultimo punto de la l&#237;nea&#10;*Sinuosidad&#10;*Angulo medio entre segmentos&#10;*Orientaci&#243;n de la linea (Azimut de la recta entre el primer y ultimo punto de la l&#237;nea)" description="Resultado" type="2">
		</element>
	</help>
<?xml version='1.0' encoding='ISO-8859-1' standalone='yes' ?>