<?xml version='1.0' encoding='ISO-8859-1' standalone='yes' ?>
	<help>
		<element name="DESCRIPTION" text='This algorithm calibrates an image using another one as reference, so that the two images can be compared. It calculates the calibration parameters based on a regression of the two input layers, and then runs the "Calibrate image" algorithm using those parameters.' description="Description" type="0">
		</element>
		<element name="ADDITIONAL_INFO" text="" description="Additional information" type="0">
		</element>
		<element name="EXTENSION_AUTHOR" text="Victor Olaya" description="Extension created by" type="0">
		</element>
		<element name="HELP_AUTHOR" text="Victor Olaya" description="Help file created by" type="0">
		</element>
		<element name="USER_NOTES" text="" description="User_notes" type="0">
		</element>
		<element name="INPUT" text="The image to calibrate" description="Image to calibrate" type="3">
		</element>
		<element name="REF" text="The reference image. The input image willbe calibrated based on this one." description="Reference image" type="3">
		</element>
		<element name="OUTPUT_DESCRIPTION" text="" description="Description" type="2">
		</element>
		<element name="CALIBRATED" text="The calibrated image." description="Calibrated image" type="2">
		</element>
	</help>
<?xml version='1.0' encoding='ISO-8859-1' standalone='yes' ?>