<?xml version='1.0' encoding='ISO-8859-1' standalone='yes' ?>
	<help>
		<element name="DESCRIPTION" text="This algorithm merges a set of vector layers.&#10;&#10;The attributes table is defined by a main layer. For each field, if the other layers to be merged have a field with the same name, its values will be used. Otherwise, the feature will have a blank value for that field. Field that exist in any of the layers to be merged but not in the main layer will not be used and will not appear in the resulting layer." description="Description" type="0">
			<image description="" file="juntar.png">
			</image>
		</element>
		<element name="ADDITIONAL_INFO" text="" description="Additional information" type="0">
		</element>
		<element name="EXTENSION_AUTHOR" text="Victor Olaya" description="Extension created by" type="0">
		</element>
		<element name="HELP_AUTHOR" text="Victor Olaya" description="Help file created by" type="0">
		</element>
		<element name="USER_NOTES" text="" description="User_notes" type="0">
		</element>
		<element name="LAYERMAIN" text="The main input layer. Its attributes table will be used to define the attributes table of the resulting layer." description="Main layer" type="3">
		</element>
		<element name="LAYERS" text="The set of layer to be merged with the main one." description="Additional layers" type="3">
		</element>
		<element name="OUTPUT_DESCRIPTION" text="" description="Description" type="2">
		</element>
		<element name="RESULT" text="The resulting layer containing all the features from all the input layers." description="Result" type="2">
		</element>
	</help>
<?xml version='1.0' encoding='ISO-8859-1' standalone='yes' ?>