<?xml version="1.0" encoding="UTF-8"?>
<workbench-state>
  <properties>
    <mapping>
      <key class="java.lang.String">com.vividsolutions.jump.workbench.datastore.ConnectionManager - CONNECTION DESCRIPTORS</key>
      <value class="java.util.ArrayList" />
    </mapping>
    <mapping>
      <key class="java.lang.String">com.vividsolutions.jump.workbench.datasource.SaveDatasetAsPlugIn - LAST FORMAT</key>
      <value class="java.lang.String">JUMP GML</value>
    </mapping>
    <mapping>
      <key class="java.lang.String">com.vividsolutions.jump.workbench.ui.WorkbenchFrame - HORIZONTAL_KEY</key>
      <value class="java.lang.Integer">37</value>
    </mapping>
    <mapping>
      <key class="java.lang.String">com.vividsolutions.jump.workbench.ui.WorkbenchFrame - MAXIMIZED_KEY</key>
      <value class="java.lang.Boolean">false</value>
    </mapping>
    <mapping>
      <key class="java.lang.String">com.vividsolutions.jump.workbench.datasource.SaveFileDataSourceQueryChooser - FILE CHOOSER DIRECTORY</key>
      <value class="java.lang.String">C:\Users\Stefan\Desktop\bbtesting</value>
    </mapping>
    <mapping>
      <key class="java.lang.String">com.vividsolutions.jump.workbench.ui.WorkbenchFrame - WIDTH_KEY</key>
      <value class="java.lang.Integer">980</value>
    </mapping>
    <mapping>
      <key class="java.lang.String">org.openjump.core.ui.plugin.view.EasyPanelEZ_LIST_KEY</key>
      <value class="java.util.ArrayList">
        <item class="java.lang.String">T:Right Click to Assign Button F1</item>
        <item class="java.lang.String">T:Right Click to Assign Button F2</item>
        <item class="java.lang.String">T:Right Click to Assign Button F3</item>
        <item class="java.lang.String">T:Right Click to Assign Button F4</item>
        <item class="java.lang.String">T:Right Click to Assign Button F5</item>
        <item class="java.lang.String">T:Right Click to Assign Button F6</item>
        <item class="java.lang.String">T:Right Click to Assign Button F7</item>
        <item class="java.lang.String">T:Right Click to Assign Button F8</item>
        <item class="java.lang.String">T:Right Click to Assign Button F9</item>
        <item class="java.lang.String">T:Right Click to Assign Button F10</item>
      </value>
    </mapping>
    <mapping>
      <key class="java.lang.String">org.openjump.core.ui.plugin.file.OpenRecentPlugIn.PROJECTS</key>
      <value class="java.util.LinkedHashSet" />
    </mapping>
    <mapping>
      <key class="java.lang.String">com.vividsolutions.jump.workbench.ui.WorkbenchFrame - HEIGHT_KEY</key>
      <value class="java.lang.Integer">644</value>
    </mapping>
    <mapping>
      <key class="java.lang.String">class com.vividsolutions.jump.workbench.ui.snap.GridRenderer - ENABLED</key>
      <value class="java.lang.Boolean">false</value>
    </mapping>
    <mapping>
      <key class="java.lang.String">com.vividsolutions.jump.workbench.ui.snap.SnapToGridPolicy - ENABLED</key>
      <value class="java.lang.Boolean">false</value>
    </mapping>
    <mapping>
      <key class="java.lang.String">com.vividsolutions.jump.workbench.datasource.LoadFileDataSourceQueryChooser - FILE CHOOSER DIRECTORY</key>
      <value class="java.lang.String">C:\Users\Stefan\Documents\work\papers\2010_scaled_line_kde\data\bear296</value>
    </mapping>
    <mapping>
      <key class="java.lang.String">com.vividsolutions.jump.workbench.ui.snap.SnapToFeaturesPolicy - ENABLED</key>
      <value class="java.lang.Boolean">false</value>
    </mapping>
    <mapping>
      <key class="java.lang.String">org.openjump.core.ui.plugin.file.OpenRecentPlugIn.FILES</key>
      <value class="java.util.LinkedHashSet">
        <item class="java.lang.String">C:\Users\Stefan\Documents\work\dateien\grizzlybear\moveanttools_aug2010\openjump132movan\testdata\linekde_reference_points_modb265.jml</item>
        <item class="java.lang.String">C:\Users\Stefan\Documents\work\papers\2010_scaled_line_kde\data\bear296\bear296.shp</item>
        <item class="java.lang.String">C:\Users\Stefan\Documents\work\papers\2010_scaled_line_kde\data\bear2417\Bear2417_points.shp</item>
        <item class="java.lang.String">C:\Users\Stefan\Documents\work\dateien\grizzlybear\comparisons\chenlu\lastdataset\All_bears_with_datetime.shp</item>
      </value>
    </mapping>
    <mapping>
      <key class="java.lang.String">com.vividsolutions.jump.workbench.ui.WorkbenchFrame - VERTICAL_KEY</key>
      <value class="java.lang.Integer">14</value>
    </mapping>
    <mapping>
      <key class="java.lang.String">com.vividsolutions.jump.workbench.ui.snap.SnapToVerticesPolicy - ENABLED</key>
      <value class="java.lang.Boolean">false</value>
    </mapping>
  </properties>
</workbench-state>

