<?xml version='1.0' encoding='ISO-8859-1' standalone='yes' ?>
	<help>
		<element name="DESCRIPTION" text="This algorithm converts polar coordinates to rectangular ones." description="Description" type="0">
		</element>
		<element name="ADDITIONAL_INFO" text="" description="Additional information" type="0">
		</element>
		<element name="EXTENSION_AUTHOR" text="Victor Olaya" description="Extension created by" type="0">
		</element>
		<element name="HELP_AUTHOR" text="Victor Olaya" description="Help file created by" type="0">
		</element>
		<element name="USER_NOTES" text="" description="User_notes" type="0">
		</element>
		<element name="ANGLE" text="The angle of the vector should be expressed in  radians." description="Angle" type="3">
		</element>
		<element name="DISTANCE" text="Module(length) of the vector" description="Distance" type="3">
		</element>
		<element name="OUTPUT_DESCRIPTION" text="" description="Description" type="2">
		</element>
		<element name="Y" text="Y component" description="Y" type="2">
			<image description="value y" file="polares_a_rectangulares_y.jpg">
			</image>
		</element>
		<element name="X" text="X component" description="X" type="2">
			<image description="value x" file="polares_a_rectangulares_x.jpg">
			</image>
		</element>
	</help>
<?xml version='1.0' encoding='ISO-8859-1' standalone='yes' ?>