<?xml version='1.0' encoding='ISO-8859-1' standalone='yes' ?>
	<help>
		<element name="DESCRIPTION" text="This algorithm removes holes from polygons in a polygon layer. A hole is an empty area within a polygon. Polygons with holes are defined as a envelope polygon (the outter contour) and a set of inner ones (the holes). This algorithm transform each polygon, removing those inner subpolygons and leaving just the outter one." description="Description" type="0">
			<image description="" file="removeHoles.png">
			</image>
		</element>
		<element name="ADDITIONAL_INFO" text="" description="Additional information" type="0">
		</element>
		<element name="EXTENSION_AUTHOR" text="Victor Olaya" description="Algorithm created by" type="0">
		</element>
		<element name="HELP_AUTHOR" text="Victor Olaya" description="Help file created by" type="0">
		</element>
		<element name="USER_NOTES" text="" description="User_notes" type="0">
		</element>
		<element name="LAYER" text="The input polygon layer" description="Layer" type="3">
		</element>
		<element name="OUTPUT_DESCRIPTION" text="" description="Description" type="2">
		</element>
		<element name="RESULT" text="The resulting layer, with polygons with no holes. The attributes table is left unmodified" description="Result" type="2">
		</element>
	</help>
<?xml version='1.0' encoding='ISO-8859-1' standalone='yes' ?>