<?xml version='1.0' encoding='ISO-8859-1' standalone='yes' ?>
	<help>
		<element name="DESCRIPTION" text="Este algoritmo fragmenta una capa de polil&#237;neas, convirti&#233;ndola en otra con lineas sencillas.&#10;&#10;Cada entidad de la capa de entrada es fragmentada en n-1 segmentos, siendo n el numero de nodos de dicha l&#237;nea. Todos esos segmentos tendran asociados los atributos de la l&#237;nea a la que pertenecen." description="Descripci&#243;n" type="0">
		</element>
		<element name="ADDITIONAL_INFO" text="" description="Informaci&#243;n adicional" type="0">
		</element>
		<element name="EXTENSION_AUTHOR" text="" description="Algoritmo creado por" type="0">
		</element>
		<element name="HELP_AUTHOR" text="" description="Ayuda creada por" type="0">
		</element>
		<element name="USER_NOTES" text="" description="Notas de usuario" type="0">
		</element>
		<element name="LINES" text="La capa de polil&#237;neas de entrada" description="L&#237;neas" type="3">
		</element>
		<element name="OUTPUT_DESCRIPTION" text="" description="Descripci&#243;n general" type="2">
		</element>
		<element name="RESULT" text="La capa resultante, con segmentos simples." description="L&#237;neas" type="2">
		</element>
	</help>
<?xml version='1.0' encoding='ISO-8859-1' standalone='yes' ?>