<?xml version='1.0' encoding='ISO-8859-1' standalone='yes' ?>
	<help>
		<element name="DESCRIPTION" text="This algorithm generates a raster layer from a vector layer." description="Description" type="0">
			<image description="" file="raterizar_capa_vectorial.png">
			</image>
		</element>
		<element name="ADDITIONAL_INFO" text="" description="Additional information" type="0">
		</element>
		<element name="EXTENSION_AUTHOR" text="Victor Olaya" description="Extension created by" type="0">
		</element>
		<element name="HELP_AUTHOR" text="Victor Olaya" description="Help file created by" type="0">
		</element>
		<element name="USER_NOTES" text="" description="User_notes" type="0">
		</element>
		<element name="LAYER" text="The vector layer to be rasterized" description="Vector layer" type="3">
		</element>
		<element name="FIELD" text="Values from this field will be used to set cell values when rasterizing each feature. It has to be a numeric field" description="Field" type="3">
		</element>
		<element name="OUTPUT_DESCRIPTION" text="" description="Description" type="2">
		</element>
		<element name="RESULT" text="" description="Result" type="2">
		</element>
	</help>
<?xml version='1.0' encoding='ISO-8859-1' standalone='yes' ?>