<?xml version='1.0' encoding='ISO-8859-1' standalone='yes' ?>
	<help>
		<element name="DESCRIPTION" text="This algorithm calculates the median center, showing it as the intersection between two lines, one of them vertical and the other one horizontal.&#10;&#10;Each line divides the set of input points in two groups, each of them having the same number of points. That is, half of the points are located below the horizontal line and half of them above it.&#10;&#10;" description="Description" type="0">
			<image description="" file="centro_mediano.jpg">
			</image>
		</element>
		<element name="ADDITIONAL_INFO" text="" description="Additional information" type="0">
		</element>
		<element name="EXTENSION_AUTHOR" text="Victor Olaya" description="Extension created by" type="0">
		</element>
		<element name="HELP_AUTHOR" text="Victor Olaya" description="Help file created by" type="0">
		</element>
		<element name="USER_NOTES" text="" description="User_notes" type="0">
		</element>
		<element name="POINTS" text="The set of input points" description="Points" type="3">
		</element>
		<element name="FIELD" text="The field to be used for weighing points" description="Weights" type="3">
		</element>
		<element name="METHOD" text="The following methods are available:&#10;* Median center. All points have the same weight&#10;* Weighted median centre. Weight are assigned using the selected field " description="Method" type="3">
		</element>
		<element name="OUTPUT_DESCRIPTION" text="" description="Description" type="2">
		</element>
		<element name="RESULT" text="" description="Median center" type="2">
		</element>
	</help>
<?xml version='1.0' encoding='ISO-8859-1' standalone='yes' ?>