<?xml version='1.0' encoding='ISO-8859-1' standalone='yes' ?>
	<help>
		<element name="DESCRIPTION" text="This algorithm generates a new points layer, taking all nodes from an input vector layer.&#10;&#10;Attributes of each point are taken from the geometry it belongs to." description="Description" type="0">
		</element>
		<element name="ADDITIONAL_INFO" text="" description="Additional information" type="0">
		</element>
		<element name="EXTENSION_AUTHOR" text="V&#237;ctor Olaya" description="Algorithm created by" type="0">
		</element>
		<element name="HELP_AUTHOR" text="V&#237;ctor Olaya" description="Help file created by" type="0">
		</element>
		<element name="USER_NOTES" text="" description="User_notes" type="0">
		</element>
		<element name="INPUT" text="The input vector layer" description="Input layer" type="3">
		</element>
		<element name="OUTPUT_DESCRIPTION" text="" description="Description" type="2">
		</element>
		<element name="POINTS" text="The resulting points layer" description="Points" type="2">
		</element>
	</help>
<?xml version='1.0' encoding='ISO-8859-1' standalone='yes' ?>