<?xml version='1.0' encoding='ISO-8859-1' standalone='yes' ?>
	<help>
		<element name="DESCRIPTION" text="This algorithm" description="Description" type="0">
			<image description="" file="detectar_arboles.png">
			</image>
		</element>
		<element name="ADDITIONAL_INFO" text="" description="Additional information" type="0">
		</element>
		<element name="EXTENSION_AUTHOR" text="Victor Olaya" description="Extension created by" type="0">
		</element>
		<element name="HELP_AUTHOR" text="Victor Olaya" description="Help file created by" type="0">
		</element>
		<element name="USER_NOTES" text="" description="User_notes" type="0">
		</element>
		<element name="INPUT" text="" description="Bands" type="3">
		</element>
		<element name="POLYGONS" text="" description="Sample trees" type="3">
		</element>
		<element name="TOLERANCE" text="" description="Tolerance" type="3">
		</element>
		<element name="MINSIZE" text="" description="Tamano_min" type="3">
		</element>
		<element name="MAXSIZE" text="" description="Tamano_max" type="3">
		</element>
		<element name="OUTPUT_DESCRIPTION" text="" description="Description" type="2">
		</element>
		<element name="TREES" text="" description="Trees" type="2">
		</element>
	</help>
<?xml version='1.0' encoding='ISO-8859-1' standalone='yes' ?>