<?xml version='1.0' encoding='ISO-8859-1' standalone='yes' ?>
	<help>
		<element name="DESCRIPTION" text="This algorithm generates a raster layer form a points layer using the nearest neighbour interpolation method. The value assigned to a cell in the output layer is the value of the nearest input point." description="Description" type="0">
		</element>
		<element name="ADDITIONAL_INFO" text="" description="Additional information" type="0">
		</element>
		<element name="EXTENSION_AUTHOR" text="Victor Olaya" description="Algorithm created by" type="0">
		</element>
		<element name="HELP_AUTHOR" text="Victor Olaya" description="Help file created by" type="0">
		</element>
		<element name="USER_NOTES" text="" description="User notes" type="0">
		</element>
		<element name="LAYER" text="The input points layer" description="Point layer" type="3">
		</element>
		<element name="FIELD" text="The field from the input layer that contains the value to be inteprolated." description="Field" type="3">
		</element>
		<element name="OUTPUT_DESCRIPTION" text="" description="Description" type="2">
		</element>
		<element name="RESULT" text="The resulting raster layer with interpolated values." description="Result" type="2">
		</element>
	</help>
<?xml version='1.0' encoding='ISO-8859-1' standalone='yes' ?>