<?xml version='1.0' encoding='ISO-8859-1' standalone='yes' ?>
	<help>
		<element name="DESCRIPTION" text="This algorithm calculates the cost of moving along predefined routes, asuming that the cost is not the same in all directions (anisotropic)." description="Description" type="0">
		</element>
		<element name="ADDITIONAL_INFO" text="" description="Additional information" type="0">
		</element>
		<element name="EXTENSION_AUTHOR" text="Victor Olaya" description="Algorithm created by" type="0">
		</element>
		<element name="HELP_AUTHOR" text="Victor Olaya" description="Help file created by" type="0">
		</element>
		<element name="USER_NOTES" text="" description="User notes" type="0">
		</element>
		<element name="ROUTES" text="A lines layer containing the routes along which the accumulated cost is to be calculated." description="Routes" type="3">
		</element>
		<element name="COST" text="The cost of crossing each cell when moving in the maximum cost direction." description="Maximum unitary cost" type="3">
		</element>
		<element name="COSTDIR" text="Values in this layer represents the direction of maximum cost in degrees, counting clockwise from north. " description="Direction of maximum cost [deg]" type="3">
		</element>
		<element name="KFACTOR" text="The constant K in the following equation controls the way in which, from the maximum cost value (Fs)  and the direction of maximum cost, the cost of moving in any other direction is computed." description="K" type="3">
			<image description="" file="costeAcumAnisotropico_ecuacion.jpg">
			</image>
		</element>
		<element name="OUTPUT_DESCRIPTION" text="" description="Description" type="2">
		</element>
		<element name="RESULT" text="A new vector layer containing the predefined routes. The associated attributes table contains the same fields as the attributes table in the input layer, with two additional fields containing the distance of each route and the cost of moving along it.&#9;" description="Routes and cost" type="2">
		</element>
	</help>
<?xml version='1.0' encoding='ISO-8859-1' standalone='yes' ?>