<?xml version='1.0' encoding='ISO-8859-1' standalone='yes' ?>
	<help>
		<element name="DESCRIPTION" text="This algorithm computes the directional mean of a set of lines in a vector layer. Each segment of the input lines is treated as a vector. Summing up all those vector, a new one showing the directional mean is obtained. This vector is represented as a single-segment line in the resulting vector layer&#10;&#10;The modulus of the resulting vector provides information about the directional variance. Uniform directions will yield longer vectors. &#10;" description="Description" type="0">
			<image description="Directional mean (red line) of the channel network (blue lines)" file="media_direccional.jpg">
			</image>
		</element>
		<element name="ADDITIONAL_INFO" text="" description="Additional information" type="0">
		</element>
		<element name="EXTENSION_AUTHOR" text="Victor Olaya" description="Extension created by" type="0">
		</element>
		<element name="HELP_AUTHOR" text="Victor Olaya" description="Help file created by" type="0">
		</element>
		<element name="USER_NOTES" text="" description="User_notes" type="0">
		</element>
		<element name="LINES" text="input line layer." description="Lines" type="3">
		</element>
		<element name="OUTPUT_DESCRIPTION" text="" description="Description" type="2">
		</element>
		<element name="RESULT" text="The vector layer with the directional mean vector. Its attributes table contains the following fields:&#10;* mean distance&#10;* angle (azimuth)&#10;* circular variance." description="Directional mean" type="2">
		</element>
	</help>
<?xml version='1.0' encoding='ISO-8859-1' standalone='yes' ?>