<?xml version='1.0' encoding='ISO-8859-1' standalone='yes' ?>
	<help>
		<element name="DESCRIPTION" text="This algorithm clips a vector layer using the polygons from an additional polygons layer" description="Description" type="0">
			<image description="" file="cortar.png">
			</image>
		</element>
		<element name="ADDITIONAL_INFO" text="" description="Additional information" type="0">
		</element>
		<element name="EXTENSION_AUTHOR" text="Victor Olaya &amp; Andrea Aime" description="Extension created by" type="0">
		</element>
		<element name="HELP_AUTHOR" text="Victor Olaya" description="Help file created by" type="0">
		</element>
		<element name="USER_NOTES" text="" description="User_notes" type="0">
		</element>
		<element name="LAYER" text="The input layer to be clipped." description="Layer to crop" type="3">
		</element>
		<element name="CLIPLAYER" text="The polygons layer to use as clipping layer" description="Clipping layer" type="3">
		</element>
		<element name="OUTPUT_DESCRIPTION" text="" description="Description" type="2">
		</element>
		<element name="RESULT" text="The output layer." description="Clipped layer" type="2">
		</element>
	</help>
<?xml version='1.0' encoding='ISO-8859-1' standalone='yes' ?>