<?xml version='1.0' encoding='ISO-8859-1' standalone='yes' ?>
	<help>
		<element name="DESCRIPTION" text="This algorithm vectorizes a raster layer containing polygons. All contiguous cells with the same value will be considered as part of the same class. The algorithm will add a new polygon representing the outer perimeter of each class." description="Description" type="0">
			<image description="Input layer" file="vectorizar_capa_raster1.jpg">
			</image>
			<image description="Result" file="vectorizar_capa_raster2.jpg">
			</image>
		</element>
		<element name="ADDITIONAL_INFO" text="" description="Additional information" type="0">
		</element>
		<element name="EXTENSION_AUTHOR" text="Victor Olaya" description="Extension created by" type="0">
		</element>
		<element name="HELP_AUTHOR" text="Victor Olaya" description="Help file created by" type="0">
		</element>
		<element name="USER_NOTES" text="" description="User_notes" type="0">
		</element>
		<element name="LAYER" text="The input layer to vectorize. Cells with no-data value will not be vectorized" description="Input layer" type="3">
		</element>
		<element name="OUTPUT_DESCRIPTION" text="" description="Description" type="2">
		</element>
		<element name="RESULT" text="The resulting polygons vector layer" description="Result" type="2">
		</element>
	</help>
<?xml version='1.0' encoding='ISO-8859-1' standalone='yes' ?>