<?xml version='1.0' encoding='ISO-8859-1' standalone='yes' ?>
	<help>
		<element name="DESCRIPTION" text="This algorithm performs morphological operations (erosion and dilation) on an image. &#10;&#10;Erosion to reduce shape size, whereas dilation increases it. That is, erosion removes cells of the boundaries of objects in a image, while dilation adds celss to the boundaries of objects.&#10;&#10;The following figure shows the effect of applying both an erosion (a) and a dilation operation (b).&#10;&#10;" description="Description" type="0">
			<image description="" file="erosion_dilatacion_imgBase.jpg">
			</image>
			<image description="" file="erosion_dilatacion_salidas.jpg">
			</image>
		</element>
		<element name="ADDITIONAL_INFO" text="" description="Additional information" type="0">
		</element>
		<element name="EXTENSION_AUTHOR" text="Victor Olaya" description="Extension created by" type="0">
		</element>
		<element name="HELP_AUTHOR" text="Victor Olaya" description="Help file created by" type="0">
		</element>
		<element name="USER_NOTES" text="" description="User_notes" type="0">
		</element>
		<element name="LAYER" text="input image. Cells with valid values represent objects (foreground). No-data cells represent background cells." description="Image" type="3">
		</element>
		<element name="TYPE" text="to choose between:&#10;* Erosion&#10;* Dilation" description="Operation" type="3">
		</element>
		<element name="RADIUS" text="the radius of the analysis window. It controls the amount of erosion/dilation to be applied" description="Radius" type="3">
		</element>
		<element name="OUTPUT_DESCRIPTION" text="" description="Description" type="2">
		</element>
		<element name="RESULT" text="" description="Erosion/Dilation" type="2">
		</element>
	</help>
<?xml version='1.0' encoding='ISO-8859-1' standalone='yes' ?>